mysql> select * from Account;                                                                                                                        
+----+---------------+----------+---------------------+------------+
| id | email         | password | createdOn           | modifiedOn |
+----+---------------+----------+---------------------+------------+
|  1 | abc@gmail.com | 123pass  | 2017-07-10 20:56:41 | NULL       |
+----+---------------+----------+---------------------+------------+
1 row in set (0.00 sec)

mysql> select * from AddressBook
    -> ;
+----+-----------+------+---------------------+------------+
| id | accountId | name | createdOn           | modifiedOn |
+----+-----------+------+---------------------+------------+
|  1 |         1 | ABC  | 2017-07-10 21:11:25 | NULL       |
+----+-----------+------+---------------------+------------+
1 row in set (0.00 sec)

mysql> select * from Entry where id >= 1;                                                                                                            
+----+---------------+-----------+----------+---------------------+-------+---------+---------------------+----------------+------------------+-----------------+-----------------+
| id | addressBookId | firstName | lastName | birthday            | type  | subtype | contentLineOne      | contentLineTwo | contentLineThree | contentLineFour | contentLineFive |
+----+---------------+-----------+----------+---------------------+-------+---------+---------------------+----------------+------------------+-----------------+-----------------+
|  1 |             1 | ABC       | EFG      | 1978-05-28 23:01:30 | home  | phone   | 3 Place Ville Marie | NULL           | NULL             | NULL            | NULL            |
|  2 |             1 | ABC       | EFG      | 1978-05-28 23:01:30 | work  | email   | 3 Place Ville Marie | NULL           | NULL             | NULL            | NULL            |
|  3 |             1 | ABC       | EFG      | 1978-05-28 23:01:30 | other | phone   | 2 Place Ville Marie | Canada         | NULL             | NULL            | NULL            |
+----+---------------+-----------+----------+---------------------+-------+---------+---------------------+----------------+------------------+-----------------+-----------------+
3 rows in set (0.00 sec)